orig.ident	nCount_RNA	nFeature_RNA	Group	Sample	Condition
sample_01_Cell1_Group5	SCSimulation	66471	898	Group5	sample_01	Condition1
sample_01_Cell2_Group5	SCSimulation	64338	910	Group5	sample_01	Condition1
sample_01_Cell3_Group5	SCSimulation	75556	923	Group5	sample_01	Condition1
sample_01_Cell4_Group5	SCSimulation	54683	901	Group5	sample_01	Condition1
sample_01_Cell5_Group5	SCSimulation	45605	892	Group5	sample_01	Condition1
sample_01_Cell6_Group5	SCSimulation	63329	901	Group5	sample_01	Condition1
sample_01_Cell7_Group5	SCSimulation	67079	911	Group5	sample_01	Condition1
sample_01_Cell8_Group5	SCSimulation	53295	896	Group5	sample_01	Condition1
sample_01_Cell9_Group5	SCSimulation	60589	900	Group5	sample_01	Condition1
sample_01_Cell10_Group5	SCSimulation	52860	884	Group5	sample_01	Condition1
sample_01_Cell11_Group5	SCSimulation	44815	885	Group5	sample_01	Condition1
sample_01_Cell12_Group5	SCSimulation	41720	884	Group5	sample_01	Condition1
sample_01_Cell13_Group5	SCSimulation	61672	906	Group5	sample_01	Condition1
sample_01_Cell14_Group5	SCSimulation	56873	893	Group5	sample_01	Condition1
sample_01_Cell15_Group5	SCSimulation	49011	892	Group5	sample_01	Condition1
sample_01_Cell16_Group5	SCSimulation	38042	874	Group5	sample_01	Condition1
sample_01_Cell17_Group5	SCSimulation	72038	912	Group5	sample_01	Condition1
sample_01_Cell18_Group5	SCSimulation	40120	894	Group5	sample_01	Condition1
sample_01_Cell19_Group5	SCSimulation	51465	889	Group5	sample_01	Condition1
sample_01_Cell20_Group5	SCSimulation	89012	923	Group5	sample_01	Condition1
sample_01_Cell21_Group5	SCSimulation	67510	907	Group5	sample_01	Condition1
sample_01_Cell22_Group5	SCSimulation	59699	910	Group5	sample_01	Condition1
sample_01_Cell23_Group5	SCSimulation	45224	893	Group5	sample_01	Condition1
sample_01_Cell24_Group5	SCSimulation	74738	918	Group5	sample_01	Condition1
sample_01_Cell25_Group5	SCSimulation	82745	921	Group5	sample_01	Condition1
sample_01_Cell26_Group5	SCSimulation	43981	891	Group5	sample_01	Condition1
sample_01_Cell27_Group5	SCSimulation	54826	903	Group5	sample_01	Condition1
sample_01_Cell28_Group5	SCSimulation	67989	913	Group5	sample_01	Condition1
sample_01_Cell29_Group5	SCSimulation	58570	914	Group5	sample_01	Condition1
sample_02_Cell1_Group5	SCSimulation	81839	916	Group5	sample_02	Condition2
sample_02_Cell2_Group5	SCSimulation	60284	906	Group5	sample_02	Condition2
sample_02_Cell3_Group5	SCSimulation	49250	897	Group5	sample_02	Condition2
sample_02_Cell4_Group5	SCSimulation	54117	900	Group5	sample_02	Condition2
sample_02_Cell5_Group5	SCSimulation	57996	899	Group5	sample_02	Condition2
sample_02_Cell6_Group5	SCSimulation	53276	897	Group5	sample_02	Condition2
sample_02_Cell7_Group5	SCSimulation	53792	906	Group5	sample_02	Condition2
sample_02_Cell8_Group5	SCSimulation	55459	903	Group5	sample_02	Condition2
sample_02_Cell9_Group5	SCSimulation	52762	893	Group5	sample_02	Condition2
sample_02_Cell10_Group5	SCSimulation	49638	900	Group5	sample_02	Condition2
sample_02_Cell11_Group5	SCSimulation	47008	893	Group5	sample_02	Condition2
sample_02_Cell12_Group5	SCSimulation	55318	895	Group5	sample_02	Condition2
sample_02_Cell13_Group5	SCSimulation	53552	905	Group5	sample_02	Condition2
sample_02_Cell14_Group5	SCSimulation	57738	903	Group5	sample_02	Condition2
sample_02_Cell15_Group5	SCSimulation	110412	935	Group5	sample_02	Condition2
sample_02_Cell16_Group5	SCSimulation	49670	895	Group5	sample_02	Condition2
sample_02_Cell17_Group5	SCSimulation	68479	918	Group5	sample_02	Condition2
sample_02_Cell18_Group5	SCSimulation	43777	887	Group5	sample_02	Condition2
sample_02_Cell19_Group5	SCSimulation	63539	916	Group5	sample_02	Condition2
sample_02_Cell20_Group5	SCSimulation	47037	886	Group5	sample_02	Condition2
sample_02_Cell21_Group5	SCSimulation	78573	916	Group5	sample_02	Condition2
sample_02_Cell22_Group5	SCSimulation	70019	910	Group5	sample_02	Condition2
sample_02_Cell23_Group5	SCSimulation	64461	921	Group5	sample_02	Condition2
sample_02_Cell24_Group5	SCSimulation	48816	890	Group5	sample_02	Condition2
sample_02_Cell25_Group5	SCSimulation	55551	913	Group5	sample_02	Condition2
sample_02_Cell26_Group5	SCSimulation	58498	915	Group5	sample_02	Condition2
sample_02_Cell27_Group5	SCSimulation	64057	901	Group5	sample_02	Condition2
sample_02_Cell28_Group5	SCSimulation	52933	907	Group5	sample_02	Condition2
sample_02_Cell29_Group5	SCSimulation	68132	913	Group5	sample_02	Condition2
sample_03_Cell1_Group5	SCSimulation	57916	899	Group5	sample_03	Condition1
sample_03_Cell2_Group5	SCSimulation	53732	895	Group5	sample_03	Condition1
sample_03_Cell3_Group5	SCSimulation	53453	900	Group5	sample_03	Condition1
sample_03_Cell4_Group5	SCSimulation	64343	904	Group5	sample_03	Condition1
sample_03_Cell5_Group5	SCSimulation	82155	912	Group5	sample_03	Condition1
sample_03_Cell6_Group5	SCSimulation	50205	892	Group5	sample_03	Condition1
sample_03_Cell7_Group5	SCSimulation	77047	923	Group5	sample_03	Condition1
sample_03_Cell8_Group5	SCSimulation	48644	888	Group5	sample_03	Condition1
sample_03_Cell9_Group5	SCSimulation	48000	897	Group5	sample_03	Condition1
sample_03_Cell10_Group5	SCSimulation	54367	895	Group5	sample_03	Condition1
sample_03_Cell11_Group5	SCSimulation	77151	912	Group5	sample_03	Condition1
sample_03_Cell12_Group5	SCSimulation	63005	911	Group5	sample_03	Condition1
sample_03_Cell13_Group5	SCSimulation	40944	883	Group5	sample_03	Condition1
sample_03_Cell14_Group5	SCSimulation	47100	890	Group5	sample_03	Condition1
sample_03_Cell15_Group5	SCSimulation	60933	901	Group5	sample_03	Condition1
sample_03_Cell16_Group5	SCSimulation	51195	899	Group5	sample_03	Condition1
sample_03_Cell17_Group5	SCSimulation	63094	907	Group5	sample_03	Condition1
sample_03_Cell18_Group5	SCSimulation	64789	902	Group5	sample_03	Condition1
sample_03_Cell19_Group5	SCSimulation	59524	903	Group5	sample_03	Condition1
sample_03_Cell20_Group5	SCSimulation	45781	899	Group5	sample_03	Condition1
sample_03_Cell21_Group5	SCSimulation	44607	888	Group5	sample_03	Condition1
sample_03_Cell22_Group5	SCSimulation	63549	906	Group5	sample_03	Condition1
sample_03_Cell23_Group5	SCSimulation	52152	896	Group5	sample_03	Condition1
sample_03_Cell24_Group5	SCSimulation	51196	891	Group5	sample_03	Condition1
sample_03_Cell25_Group5	SCSimulation	64338	911	Group5	sample_03	Condition1
sample_03_Cell26_Group5	SCSimulation	53729	893	Group5	sample_03	Condition1
sample_03_Cell27_Group5	SCSimulation	68831	910	Group5	sample_03	Condition1
sample_03_Cell28_Group5	SCSimulation	57242	898	Group5	sample_03	Condition1
sample_03_Cell29_Group5	SCSimulation	61015	902	Group5	sample_03	Condition1
sample_04_Cell1_Group5	SCSimulation	46316	889	Group5	sample_04	Condition2
sample_04_Cell2_Group5	SCSimulation	69701	919	Group5	sample_04	Condition2
sample_04_Cell3_Group5	SCSimulation	58659	907	Group5	sample_04	Condition2
sample_04_Cell4_Group5	SCSimulation	62759	915	Group5	sample_04	Condition2
sample_04_Cell5_Group5	SCSimulation	56918	904	Group5	sample_04	Condition2
sample_04_Cell6_Group5	SCSimulation	61829	903	Group5	sample_04	Condition2
sample_04_Cell7_Group5	SCSimulation	41863	882	Group5	sample_04	Condition2
sample_04_Cell8_Group5	SCSimulation	62568	913	Group5	sample_04	Condition2
sample_04_Cell9_Group5	SCSimulation	71905	909	Group5	sample_04	Condition2
sample_04_Cell10_Group5	SCSimulation	51664	907	Group5	sample_04	Condition2
sample_04_Cell11_Group5	SCSimulation	48484	898	Group5	sample_04	Condition2
sample_04_Cell12_Group5	SCSimulation	59571	901	Group5	sample_04	Condition2
sample_04_Cell13_Group5	SCSimulation	71214	916	Group5	sample_04	Condition2
sample_04_Cell14_Group5	SCSimulation	68718	919	Group5	sample_04	Condition2
sample_04_Cell15_Group5	SCSimulation	65783	915	Group5	sample_04	Condition2
sample_04_Cell16_Group5	SCSimulation	84052	927	Group5	sample_04	Condition2
sample_04_Cell17_Group5	SCSimulation	65563	920	Group5	sample_04	Condition2
sample_04_Cell18_Group5	SCSimulation	62880	903	Group5	sample_04	Condition2
sample_04_Cell19_Group5	SCSimulation	63881	899	Group5	sample_04	Condition2
sample_04_Cell20_Group5	SCSimulation	47780	889	Group5	sample_04	Condition2
sample_04_Cell21_Group5	SCSimulation	67598	911	Group5	sample_04	Condition2
sample_04_Cell22_Group5	SCSimulation	66305	903	Group5	sample_04	Condition2
sample_04_Cell23_Group5	SCSimulation	66349	912	Group5	sample_04	Condition2
sample_04_Cell24_Group5	SCSimulation	51210	903	Group5	sample_04	Condition2
sample_04_Cell25_Group5	SCSimulation	72347	918	Group5	sample_04	Condition2
sample_04_Cell26_Group5	SCSimulation	62520	902	Group5	sample_04	Condition2
sample_04_Cell27_Group5	SCSimulation	68516	918	Group5	sample_04	Condition2
sample_04_Cell28_Group5	SCSimulation	48852	893	Group5	sample_04	Condition2
sample_04_Cell29_Group5	SCSimulation	55173	908	Group5	sample_04	Condition2
sample_05_Cell1_Group5	SCSimulation	58139	899	Group5	sample_05	Condition1
sample_05_Cell2_Group5	SCSimulation	53052	897	Group5	sample_05	Condition1
sample_05_Cell3_Group5	SCSimulation	62482	910	Group5	sample_05	Condition1
sample_05_Cell4_Group5	SCSimulation	69440	906	Group5	sample_05	Condition1
sample_05_Cell5_Group5	SCSimulation	66333	918	Group5	sample_05	Condition1
sample_05_Cell6_Group5	SCSimulation	47902	901	Group5	sample_05	Condition1
sample_05_Cell7_Group5	SCSimulation	49904	893	Group5	sample_05	Condition1
sample_05_Cell8_Group5	SCSimulation	53812	893	Group5	sample_05	Condition1
sample_05_Cell9_Group5	SCSimulation	56947	901	Group5	sample_05	Condition1
sample_05_Cell10_Group5	SCSimulation	57213	903	Group5	sample_05	Condition1
sample_05_Cell11_Group5	SCSimulation	55115	888	Group5	sample_05	Condition1
sample_05_Cell12_Group5	SCSimulation	66091	911	Group5	sample_05	Condition1
sample_05_Cell13_Group5	SCSimulation	66627	904	Group5	sample_05	Condition1
sample_05_Cell14_Group5	SCSimulation	86061	934	Group5	sample_05	Condition1
sample_05_Cell15_Group5	SCSimulation	49930	897	Group5	sample_05	Condition1
sample_05_Cell16_Group5	SCSimulation	55871	911	Group5	sample_05	Condition1
sample_05_Cell17_Group5	SCSimulation	43703	890	Group5	sample_05	Condition1
sample_05_Cell18_Group5	SCSimulation	65526	904	Group5	sample_05	Condition1
sample_05_Cell19_Group5	SCSimulation	71128	910	Group5	sample_05	Condition1
sample_05_Cell20_Group5	SCSimulation	62381	909	Group5	sample_05	Condition1
sample_05_Cell21_Group5	SCSimulation	61890	908	Group5	sample_05	Condition1
sample_05_Cell22_Group5	SCSimulation	46728	894	Group5	sample_05	Condition1
sample_05_Cell23_Group5	SCSimulation	58793	899	Group5	sample_05	Condition1
sample_05_Cell24_Group5	SCSimulation	72265	918	Group5	sample_05	Condition1
sample_05_Cell25_Group5	SCSimulation	52306	882	Group5	sample_05	Condition1
sample_05_Cell26_Group5	SCSimulation	68714	913	Group5	sample_05	Condition1
sample_05_Cell27_Group5	SCSimulation	56111	903	Group5	sample_05	Condition1
sample_05_Cell28_Group5	SCSimulation	49509	888	Group5	sample_05	Condition1
sample_05_Cell29_Group5	SCSimulation	40855	880	Group5	sample_05	Condition1
sample_06_Cell1_Group5	SCSimulation	66473	914	Group5	sample_06	Condition1
sample_06_Cell2_Group5	SCSimulation	68762	920	Group5	sample_06	Condition1
sample_06_Cell3_Group5	SCSimulation	73509	918	Group5	sample_06	Condition1
sample_06_Cell4_Group5	SCSimulation	43864	896	Group5	sample_06	Condition1
sample_06_Cell5_Group5	SCSimulation	61756	902	Group5	sample_06	Condition1
sample_06_Cell6_Group5	SCSimulation	47996	907	Group5	sample_06	Condition1
sample_06_Cell7_Group5	SCSimulation	42980	886	Group5	sample_06	Condition1
sample_06_Cell8_Group5	SCSimulation	74122	922	Group5	sample_06	Condition1
sample_06_Cell9_Group5	SCSimulation	39504	878	Group5	sample_06	Condition1
sample_06_Cell10_Group5	SCSimulation	63425	914	Group5	sample_06	Condition1
sample_06_Cell11_Group5	SCSimulation	55680	904	Group5	sample_06	Condition1
sample_06_Cell12_Group5	SCSimulation	62644	911	Group5	sample_06	Condition1
sample_06_Cell13_Group5	SCSimulation	43202	886	Group5	sample_06	Condition1
sample_06_Cell14_Group5	SCSimulation	88449	920	Group5	sample_06	Condition1
sample_06_Cell15_Group5	SCSimulation	40905	875	Group5	sample_06	Condition1
sample_06_Cell16_Group5	SCSimulation	48456	890	Group5	sample_06	Condition1
sample_06_Cell17_Group5	SCSimulation	61783	917	Group5	sample_06	Condition1
sample_06_Cell18_Group5	SCSimulation	54800	907	Group5	sample_06	Condition1
sample_06_Cell19_Group5	SCSimulation	61676	906	Group5	sample_06	Condition1
sample_06_Cell20_Group5	SCSimulation	67308	913	Group5	sample_06	Condition1
sample_06_Cell21_Group5	SCSimulation	52599	907	Group5	sample_06	Condition1
sample_06_Cell22_Group5	SCSimulation	66829	912	Group5	sample_06	Condition1
sample_06_Cell23_Group5	SCSimulation	44770	903	Group5	sample_06	Condition1
sample_06_Cell24_Group5	SCSimulation	68151	914	Group5	sample_06	Condition1
sample_06_Cell25_Group5	SCSimulation	53003	905	Group5	sample_06	Condition1
sample_06_Cell26_Group5	SCSimulation	77356	922	Group5	sample_06	Condition1
sample_06_Cell27_Group5	SCSimulation	72115	922	Group5	sample_06	Condition1
sample_06_Cell28_Group5	SCSimulation	67365	909	Group5	sample_06	Condition1
sample_06_Cell29_Group5	SCSimulation	45657	890	Group5	sample_06	Condition1
sample_07_Cell1_Group5	SCSimulation	71045	915	Group5	sample_07	Condition1
sample_07_Cell2_Group5	SCSimulation	49234	897	Group5	sample_07	Condition1
sample_07_Cell3_Group5	SCSimulation	49459	904	Group5	sample_07	Condition1
sample_07_Cell4_Group5	SCSimulation	58130	907	Group5	sample_07	Condition1
sample_07_Cell5_Group5	SCSimulation	56734	905	Group5	sample_07	Condition1
sample_07_Cell6_Group5	SCSimulation	63513	916	Group5	sample_07	Condition1
sample_07_Cell7_Group5	SCSimulation	52894	900	Group5	sample_07	Condition1
sample_07_Cell8_Group5	SCSimulation	74126	918	Group5	sample_07	Condition1
sample_07_Cell9_Group5	SCSimulation	71271	909	Group5	sample_07	Condition1
sample_07_Cell10_Group5	SCSimulation	59382	895	Group5	sample_07	Condition1
sample_07_Cell11_Group5	SCSimulation	88887	935	Group5	sample_07	Condition1
sample_07_Cell12_Group5	SCSimulation	49993	895	Group5	sample_07	Condition1
sample_07_Cell13_Group5	SCSimulation	55008	906	Group5	sample_07	Condition1
sample_07_Cell14_Group5	SCSimulation	61004	905	Group5	sample_07	Condition1
sample_07_Cell15_Group5	SCSimulation	63192	907	Group5	sample_07	Condition1
sample_07_Cell16_Group5	SCSimulation	72252	923	Group5	sample_07	Condition1
sample_07_Cell17_Group5	SCSimulation	62922	912	Group5	sample_07	Condition1
sample_07_Cell18_Group5	SCSimulation	80420	926	Group5	sample_07	Condition1
sample_07_Cell19_Group5	SCSimulation	56391	895	Group5	sample_07	Condition1
sample_07_Cell20_Group5	SCSimulation	74924	915	Group5	sample_07	Condition1
sample_07_Cell21_Group5	SCSimulation	84534	917	Group5	sample_07	Condition1
sample_07_Cell22_Group5	SCSimulation	55135	902	Group5	sample_07	Condition1
sample_07_Cell23_Group5	SCSimulation	74459	914	Group5	sample_07	Condition1
sample_07_Cell24_Group5	SCSimulation	65999	916	Group5	sample_07	Condition1
sample_07_Cell25_Group5	SCSimulation	48349	899	Group5	sample_07	Condition1
sample_07_Cell26_Group5	SCSimulation	54202	898	Group5	sample_07	Condition1
sample_07_Cell27_Group5	SCSimulation	48734	888	Group5	sample_07	Condition1
sample_07_Cell28_Group5	SCSimulation	89071	922	Group5	sample_07	Condition1
sample_07_Cell29_Group5	SCSimulation	55720	896	Group5	sample_07	Condition1
sample_08_Cell1_Group5	SCSimulation	67432	906	Group5	sample_08	Condition2
sample_08_Cell2_Group5	SCSimulation	68108	902	Group5	sample_08	Condition2
sample_08_Cell3_Group5	SCSimulation	71206	911	Group5	sample_08	Condition2
sample_08_Cell4_Group5	SCSimulation	53629	896	Group5	sample_08	Condition2
sample_08_Cell5_Group5	SCSimulation	58082	911	Group5	sample_08	Condition2
sample_08_Cell6_Group5	SCSimulation	75502	913	Group5	sample_08	Condition2
sample_08_Cell7_Group5	SCSimulation	55218	908	Group5	sample_08	Condition2
sample_08_Cell8_Group5	SCSimulation	71602	918	Group5	sample_08	Condition2
sample_08_Cell9_Group5	SCSimulation	79929	922	Group5	sample_08	Condition2
sample_08_Cell10_Group5	SCSimulation	46808	888	Group5	sample_08	Condition2
sample_08_Cell11_Group5	SCSimulation	89077	928	Group5	sample_08	Condition2
sample_08_Cell12_Group5	SCSimulation	67477	903	Group5	sample_08	Condition2
sample_08_Cell13_Group5	SCSimulation	37286	880	Group5	sample_08	Condition2
sample_08_Cell14_Group5	SCSimulation	70612	911	Group5	sample_08	Condition2
sample_08_Cell15_Group5	SCSimulation	41272	885	Group5	sample_08	Condition2
sample_08_Cell16_Group5	SCSimulation	54787	898	Group5	sample_08	Condition2
sample_08_Cell17_Group5	SCSimulation	82589	917	Group5	sample_08	Condition2
sample_08_Cell18_Group5	SCSimulation	98853	924	Group5	sample_08	Condition2
sample_08_Cell19_Group5	SCSimulation	52634	899	Group5	sample_08	Condition2
sample_08_Cell20_Group5	SCSimulation	37131	886	Group5	sample_08	Condition2
sample_08_Cell21_Group5	SCSimulation	54501	892	Group5	sample_08	Condition2
sample_08_Cell22_Group5	SCSimulation	37759	881	Group5	sample_08	Condition2
sample_08_Cell23_Group5	SCSimulation	51774	904	Group5	sample_08	Condition2
sample_08_Cell24_Group5	SCSimulation	61699	913	Group5	sample_08	Condition2
sample_08_Cell25_Group5	SCSimulation	68749	915	Group5	sample_08	Condition2
sample_08_Cell26_Group5	SCSimulation	53990	899	Group5	sample_08	Condition2
sample_08_Cell27_Group5	SCSimulation	52631	888	Group5	sample_08	Condition2
sample_08_Cell28_Group5	SCSimulation	52351	893	Group5	sample_08	Condition2
sample_08_Cell29_Group5	SCSimulation	35971	877	Group5	sample_08	Condition2
sample_09_Cell1_Group5	SCSimulation	41444	888	Group5	sample_09	Condition2
sample_09_Cell2_Group5	SCSimulation	64779	915	Group5	sample_09	Condition2
sample_09_Cell3_Group5	SCSimulation	63143	907	Group5	sample_09	Condition2
sample_09_Cell4_Group5	SCSimulation	80647	920	Group5	sample_09	Condition2
sample_09_Cell5_Group5	SCSimulation	57904	896	Group5	sample_09	Condition2
sample_09_Cell6_Group5	SCSimulation	52709	902	Group5	sample_09	Condition2
sample_09_Cell7_Group5	SCSimulation	66084	911	Group5	sample_09	Condition2
sample_09_Cell8_Group5	SCSimulation	81312	922	Group5	sample_09	Condition2
sample_09_Cell9_Group5	SCSimulation	39500	883	Group5	sample_09	Condition2
sample_09_Cell10_Group5	SCSimulation	66237	916	Group5	sample_09	Condition2
sample_09_Cell11_Group5	SCSimulation	62500	912	Group5	sample_09	Condition2
sample_09_Cell12_Group5	SCSimulation	53436	904	Group5	sample_09	Condition2
sample_09_Cell13_Group5	SCSimulation	49083	891	Group5	sample_09	Condition2
sample_09_Cell14_Group5	SCSimulation	64996	920	Group5	sample_09	Condition2
sample_09_Cell15_Group5	SCSimulation	58163	887	Group5	sample_09	Condition2
sample_09_Cell16_Group5	SCSimulation	61010	910	Group5	sample_09	Condition2
sample_09_Cell17_Group5	SCSimulation	78086	915	Group5	sample_09	Condition2
sample_09_Cell18_Group5	SCSimulation	49684	907	Group5	sample_09	Condition2
sample_09_Cell19_Group5	SCSimulation	39260	889	Group5	sample_09	Condition2
sample_09_Cell20_Group5	SCSimulation	71572	909	Group5	sample_09	Condition2
sample_09_Cell21_Group5	SCSimulation	75001	921	Group5	sample_09	Condition2
sample_09_Cell22_Group5	SCSimulation	61378	915	Group5	sample_09	Condition2
sample_09_Cell23_Group5	SCSimulation	77589	924	Group5	sample_09	Condition2
sample_09_Cell24_Group5	SCSimulation	72048	913	Group5	sample_09	Condition2
sample_09_Cell25_Group5	SCSimulation	58671	913	Group5	sample_09	Condition2
sample_09_Cell26_Group5	SCSimulation	90362	933	Group5	sample_09	Condition2
sample_09_Cell27_Group5	SCSimulation	47241	890	Group5	sample_09	Condition2
sample_09_Cell28_Group5	SCSimulation	57839	904	Group5	sample_09	Condition2
sample_09_Cell29_Group5	SCSimulation	48643	889	Group5	sample_09	Condition2
sample_10_Cell1_Group5	SCSimulation	74488	916	Group5	sample_10	Condition1
sample_10_Cell2_Group5	SCSimulation	59729	901	Group5	sample_10	Condition1
sample_10_Cell3_Group5	SCSimulation	59937	902	Group5	sample_10	Condition1
sample_10_Cell4_Group5	SCSimulation	55948	899	Group5	sample_10	Condition1
sample_10_Cell5_Group5	SCSimulation	58571	906	Group5	sample_10	Condition1
sample_10_Cell6_Group5	SCSimulation	59175	904	Group5	sample_10	Condition1
sample_10_Cell7_Group5	SCSimulation	54629	896	Group5	sample_10	Condition1
sample_10_Cell8_Group5	SCSimulation	78972	916	Group5	sample_10	Condition1
sample_10_Cell9_Group5	SCSimulation	75303	923	Group5	sample_10	Condition1
sample_10_Cell10_Group5	SCSimulation	43412	881	Group5	sample_10	Condition1
sample_10_Cell11_Group5	SCSimulation	66051	913	Group5	sample_10	Condition1
sample_10_Cell12_Group5	SCSimulation	46837	890	Group5	sample_10	Condition1
sample_10_Cell13_Group5	SCSimulation	74177	915	Group5	sample_10	Condition1
sample_10_Cell14_Group5	SCSimulation	76595	920	Group5	sample_10	Condition1
sample_10_Cell15_Group5	SCSimulation	60866	909	Group5	sample_10	Condition1
sample_10_Cell16_Group5	SCSimulation	55808	896	Group5	sample_10	Condition1
sample_10_Cell17_Group5	SCSimulation	51122	888	Group5	sample_10	Condition1
sample_10_Cell18_Group5	SCSimulation	63191	909	Group5	sample_10	Condition1
sample_10_Cell19_Group5	SCSimulation	43777	893	Group5	sample_10	Condition1
sample_10_Cell20_Group5	SCSimulation	51931	894	Group5	sample_10	Condition1
sample_10_Cell21_Group5	SCSimulation	59893	898	Group5	sample_10	Condition1
sample_10_Cell22_Group5	SCSimulation	53606	905	Group5	sample_10	Condition1
sample_10_Cell23_Group5	SCSimulation	53099	907	Group5	sample_10	Condition1
sample_10_Cell24_Group5	SCSimulation	50963	890	Group5	sample_10	Condition1
sample_10_Cell25_Group5	SCSimulation	66513	918	Group5	sample_10	Condition1
sample_10_Cell26_Group5	SCSimulation	113830	937	Group5	sample_10	Condition1
sample_10_Cell27_Group5	SCSimulation	56161	905	Group5	sample_10	Condition1
sample_10_Cell28_Group5	SCSimulation	64732	902	Group5	sample_10	Condition1
sample_10_Cell29_Group5	SCSimulation	58940	899	Group5	sample_10	Condition1
sample_11_Cell1_Group5	SCSimulation	65630	906	Group5	sample_11	Condition2
sample_11_Cell2_Group5	SCSimulation	45820	883	Group5	sample_11	Condition2
sample_11_Cell3_Group5	SCSimulation	61177	905	Group5	sample_11	Condition2
sample_11_Cell4_Group5	SCSimulation	43345	887	Group5	sample_11	Condition2
sample_11_Cell5_Group5	SCSimulation	63323	907	Group5	sample_11	Condition2
sample_11_Cell6_Group5	SCSimulation	58262	902	Group5	sample_11	Condition2
sample_11_Cell7_Group5	SCSimulation	48242	890	Group5	sample_11	Condition2
sample_11_Cell8_Group5	SCSimulation	76153	913	Group5	sample_11	Condition2
sample_11_Cell9_Group5	SCSimulation	79217	914	Group5	sample_11	Condition2
sample_11_Cell10_Group5	SCSimulation	61168	907	Group5	sample_11	Condition2
sample_11_Cell11_Group5	SCSimulation	72378	918	Group5	sample_11	Condition2
sample_11_Cell12_Group5	SCSimulation	53173	902	Group5	sample_11	Condition2
sample_11_Cell13_Group5	SCSimulation	47141	890	Group5	sample_11	Condition2
sample_11_Cell14_Group5	SCSimulation	56885	907	Group5	sample_11	Condition2
sample_11_Cell15_Group5	SCSimulation	73329	915	Group5	sample_11	Condition2
sample_11_Cell16_Group5	SCSimulation	44773	888	Group5	sample_11	Condition2
sample_11_Cell17_Group5	SCSimulation	54056	911	Group5	sample_11	Condition2
sample_11_Cell18_Group5	SCSimulation	65230	899	Group5	sample_11	Condition2
sample_11_Cell19_Group5	SCSimulation	45137	901	Group5	sample_11	Condition2
sample_11_Cell20_Group5	SCSimulation	81270	913	Group5	sample_11	Condition2
sample_11_Cell21_Group5	SCSimulation	57927	902	Group5	sample_11	Condition2
sample_11_Cell22_Group5	SCSimulation	64558	915	Group5	sample_11	Condition2
sample_11_Cell23_Group5	SCSimulation	67360	912	Group5	sample_11	Condition2
sample_11_Cell24_Group5	SCSimulation	69286	910	Group5	sample_11	Condition2
sample_11_Cell25_Group5	SCSimulation	71474	913	Group5	sample_11	Condition2
sample_11_Cell26_Group5	SCSimulation	80529	914	Group5	sample_11	Condition2
sample_11_Cell27_Group5	SCSimulation	53606	891	Group5	sample_11	Condition2
sample_11_Cell28_Group5	SCSimulation	77776	918	Group5	sample_11	Condition2
sample_11_Cell29_Group5	SCSimulation	77219	921	Group5	sample_11	Condition2
sample_12_Cell1_Group5	SCSimulation	90997	917	Group5	sample_12	Condition1
sample_12_Cell2_Group5	SCSimulation	79133	916	Group5	sample_12	Condition1
sample_12_Cell3_Group5	SCSimulation	47239	899	Group5	sample_12	Condition1
sample_12_Cell4_Group5	SCSimulation	56762	893	Group5	sample_12	Condition1
sample_12_Cell5_Group5	SCSimulation	53715	892	Group5	sample_12	Condition1
sample_12_Cell6_Group5	SCSimulation	59047	909	Group5	sample_12	Condition1
sample_12_Cell7_Group5	SCSimulation	52589	889	Group5	sample_12	Condition1
sample_12_Cell8_Group5	SCSimulation	79363	914	Group5	sample_12	Condition1
sample_12_Cell9_Group5	SCSimulation	60907	893	Group5	sample_12	Condition1
sample_12_Cell10_Group5	SCSimulation	50928	910	Group5	sample_12	Condition1
sample_12_Cell11_Group5	SCSimulation	49832	887	Group5	sample_12	Condition1
sample_12_Cell12_Group5	SCSimulation	59628	903	Group5	sample_12	Condition1
sample_12_Cell13_Group5	SCSimulation	73126	908	Group5	sample_12	Condition1
sample_12_Cell14_Group5	SCSimulation	58736	906	Group5	sample_12	Condition1
sample_12_Cell15_Group5	SCSimulation	43971	883	Group5	sample_12	Condition1
sample_12_Cell16_Group5	SCSimulation	67092	913	Group5	sample_12	Condition1
sample_12_Cell17_Group5	SCSimulation	50902	891	Group5	sample_12	Condition1
sample_12_Cell18_Group5	SCSimulation	54101	905	Group5	sample_12	Condition1
sample_12_Cell19_Group5	SCSimulation	53367	894	Group5	sample_12	Condition1
sample_12_Cell20_Group5	SCSimulation	67544	913	Group5	sample_12	Condition1
sample_12_Cell21_Group5	SCSimulation	63429	900	Group5	sample_12	Condition1
sample_12_Cell22_Group5	SCSimulation	47850	903	Group5	sample_12	Condition1
sample_12_Cell23_Group5	SCSimulation	70172	911	Group5	sample_12	Condition1
sample_12_Cell24_Group5	SCSimulation	75567	921	Group5	sample_12	Condition1
sample_12_Cell25_Group5	SCSimulation	58793	904	Group5	sample_12	Condition1
sample_12_Cell26_Group5	SCSimulation	68711	917	Group5	sample_12	Condition1
sample_12_Cell27_Group5	SCSimulation	68677	919	Group5	sample_12	Condition1
sample_12_Cell28_Group5	SCSimulation	65539	911	Group5	sample_12	Condition1
sample_12_Cell29_Group5	SCSimulation	67542	921	Group5	sample_12	Condition1
sample_13_Cell1_Group5	SCSimulation	48037	893	Group5	sample_13	Condition2
sample_13_Cell2_Group5	SCSimulation	64448	917	Group5	sample_13	Condition2
sample_13_Cell3_Group5	SCSimulation	72395	915	Group5	sample_13	Condition2
sample_13_Cell4_Group5	SCSimulation	62357	911	Group5	sample_13	Condition2
sample_13_Cell5_Group5	SCSimulation	70839	925	Group5	sample_13	Condition2
sample_13_Cell6_Group5	SCSimulation	67745	912	Group5	sample_13	Condition2
sample_13_Cell7_Group5	SCSimulation	64995	904	Group5	sample_13	Condition2
sample_13_Cell8_Group5	SCSimulation	51344	891	Group5	sample_13	Condition2
sample_13_Cell9_Group5	SCSimulation	51224	888	Group5	sample_13	Condition2
sample_13_Cell10_Group5	SCSimulation	79510	925	Group5	sample_13	Condition2
sample_13_Cell11_Group5	SCSimulation	55579	900	Group5	sample_13	Condition2
sample_13_Cell12_Group5	SCSimulation	80261	918	Group5	sample_13	Condition2
sample_13_Cell13_Group5	SCSimulation	59232	912	Group5	sample_13	Condition2
sample_13_Cell14_Group5	SCSimulation	48624	891	Group5	sample_13	Condition2
sample_13_Cell15_Group5	SCSimulation	90988	922	Group5	sample_13	Condition2
sample_13_Cell16_Group5	SCSimulation	63038	913	Group5	sample_13	Condition2
sample_13_Cell17_Group5	SCSimulation	69120	905	Group5	sample_13	Condition2
sample_13_Cell18_Group5	SCSimulation	67321	924	Group5	sample_13	Condition2
sample_13_Cell19_Group5	SCSimulation	75319	913	Group5	sample_13	Condition2
sample_13_Cell20_Group5	SCSimulation	44948	894	Group5	sample_13	Condition2
sample_13_Cell21_Group5	SCSimulation	42623	886	Group5	sample_13	Condition2
sample_13_Cell22_Group5	SCSimulation	59601	905	Group5	sample_13	Condition2
sample_13_Cell23_Group5	SCSimulation	84448	921	Group5	sample_13	Condition2
sample_13_Cell24_Group5	SCSimulation	47323	894	Group5	sample_13	Condition2
sample_13_Cell25_Group5	SCSimulation	59224	908	Group5	sample_13	Condition2
sample_13_Cell26_Group5	SCSimulation	82025	919	Group5	sample_13	Condition2
sample_13_Cell27_Group5	SCSimulation	54729	899	Group5	sample_13	Condition2
sample_13_Cell28_Group5	SCSimulation	45366	891	Group5	sample_13	Condition2
sample_13_Cell29_Group5	SCSimulation	43822	882	Group5	sample_13	Condition2
sample_14_Cell1_Group5	SCSimulation	43423	876	Group5	sample_14	Condition2
sample_14_Cell2_Group5	SCSimulation	55683	903	Group5	sample_14	Condition2
sample_14_Cell3_Group5	SCSimulation	51468	895	Group5	sample_14	Condition2
sample_14_Cell4_Group5	SCSimulation	64207	914	Group5	sample_14	Condition2
sample_14_Cell5_Group5	SCSimulation	76431	922	Group5	sample_14	Condition2
sample_14_Cell6_Group5	SCSimulation	48765	896	Group5	sample_14	Condition2
sample_14_Cell7_Group5	SCSimulation	58759	895	Group5	sample_14	Condition2
sample_14_Cell8_Group5	SCSimulation	61225	900	Group5	sample_14	Condition2
sample_14_Cell9_Group5	SCSimulation	63455	913	Group5	sample_14	Condition2
sample_14_Cell10_Group5	SCSimulation	53022	906	Group5	sample_14	Condition2
sample_14_Cell11_Group5	SCSimulation	44975	903	Group5	sample_14	Condition2
sample_14_Cell12_Group5	SCSimulation	49521	893	Group5	sample_14	Condition2
sample_14_Cell13_Group5	SCSimulation	52163	891	Group5	sample_14	Condition2
sample_14_Cell14_Group5	SCSimulation	67459	912	Group5	sample_14	Condition2
sample_14_Cell15_Group5	SCSimulation	59341	904	Group5	sample_14	Condition2
sample_14_Cell16_Group5	SCSimulation	64897	910	Group5	sample_14	Condition2
sample_14_Cell17_Group5	SCSimulation	55744	906	Group5	sample_14	Condition2
sample_14_Cell18_Group5	SCSimulation	66832	914	Group5	sample_14	Condition2
sample_14_Cell19_Group5	SCSimulation	73382	918	Group5	sample_14	Condition2
sample_14_Cell20_Group5	SCSimulation	56405	901	Group5	sample_14	Condition2
sample_14_Cell21_Group5	SCSimulation	69031	916	Group5	sample_14	Condition2
sample_14_Cell22_Group5	SCSimulation	55281	905	Group5	sample_14	Condition2
sample_14_Cell23_Group5	SCSimulation	92865	926	Group5	sample_14	Condition2
sample_14_Cell24_Group5	SCSimulation	55510	904	Group5	sample_14	Condition2
sample_14_Cell25_Group5	SCSimulation	62668	901	Group5	sample_14	Condition2
sample_14_Cell26_Group5	SCSimulation	62515	911	Group5	sample_14	Condition2
sample_14_Cell27_Group5	SCSimulation	75066	910	Group5	sample_14	Condition2
sample_14_Cell28_Group5	SCSimulation	58596	897	Group5	sample_14	Condition2
sample_14_Cell29_Group5	SCSimulation	56782	900	Group5	sample_14	Condition2
sample_15_Cell1_Group5	SCSimulation	62481	910	Group5	sample_15	Condition1
sample_15_Cell2_Group5	SCSimulation	51745	906	Group5	sample_15	Condition1
sample_15_Cell3_Group5	SCSimulation	43579	892	Group5	sample_15	Condition1
sample_15_Cell4_Group5	SCSimulation	66435	901	Group5	sample_15	Condition1
sample_15_Cell5_Group5	SCSimulation	52057	900	Group5	sample_15	Condition1
sample_15_Cell6_Group5	SCSimulation	70757	911	Group5	sample_15	Condition1
sample_15_Cell7_Group5	SCSimulation	70141	915	Group5	sample_15	Condition1
sample_15_Cell8_Group5	SCSimulation	60031	903	Group5	sample_15	Condition1
sample_15_Cell9_Group5	SCSimulation	65660	908	Group5	sample_15	Condition1
sample_15_Cell10_Group5	SCSimulation	52200	894	Group5	sample_15	Condition1
sample_15_Cell11_Group5	SCSimulation	66053	906	Group5	sample_15	Condition1
sample_15_Cell12_Group5	SCSimulation	49001	899	Group5	sample_15	Condition1
sample_15_Cell13_Group5	SCSimulation	53847	908	Group5	sample_15	Condition1
sample_15_Cell14_Group5	SCSimulation	68078	909	Group5	sample_15	Condition1
sample_15_Cell15_Group5	SCSimulation	88031	926	Group5	sample_15	Condition1
sample_15_Cell16_Group5	SCSimulation	65378	906	Group5	sample_15	Condition1
sample_15_Cell17_Group5	SCSimulation	83874	921	Group5	sample_15	Condition1
sample_15_Cell18_Group5	SCSimulation	73132	919	Group5	sample_15	Condition1
sample_15_Cell19_Group5	SCSimulation	56383	905	Group5	sample_15	Condition1
sample_15_Cell20_Group5	SCSimulation	61319	908	Group5	sample_15	Condition1
sample_15_Cell21_Group5	SCSimulation	72672	924	Group5	sample_15	Condition1
sample_15_Cell22_Group5	SCSimulation	56265	906	Group5	sample_15	Condition1
sample_15_Cell23_Group5	SCSimulation	57829	895	Group5	sample_15	Condition1
sample_15_Cell24_Group5	SCSimulation	69205	915	Group5	sample_15	Condition1
sample_15_Cell25_Group5	SCSimulation	44154	892	Group5	sample_15	Condition1
sample_15_Cell26_Group5	SCSimulation	61470	907	Group5	sample_15	Condition1
sample_15_Cell27_Group5	SCSimulation	66060	905	Group5	sample_15	Condition1
sample_15_Cell28_Group5	SCSimulation	56168	904	Group5	sample_15	Condition1
sample_15_Cell29_Group5	SCSimulation	49541	889	Group5	sample_15	Condition1
sample_16_Cell1_Group5	SCSimulation	76672	925	Group5	sample_16	Condition1
sample_16_Cell2_Group5	SCSimulation	60745	897	Group5	sample_16	Condition1
sample_16_Cell3_Group5	SCSimulation	90796	926	Group5	sample_16	Condition1
sample_16_Cell4_Group5	SCSimulation	47903	886	Group5	sample_16	Condition1
sample_16_Cell5_Group5	SCSimulation	65298	902	Group5	sample_16	Condition1
sample_16_Cell6_Group5	SCSimulation	68991	910	Group5	sample_16	Condition1
sample_16_Cell7_Group5	SCSimulation	60682	910	Group5	sample_16	Condition1
sample_16_Cell8_Group5	SCSimulation	68742	918	Group5	sample_16	Condition1
sample_16_Cell9_Group5	SCSimulation	66871	918	Group5	sample_16	Condition1
sample_16_Cell10_Group5	SCSimulation	106642	925	Group5	sample_16	Condition1
sample_16_Cell11_Group5	SCSimulation	43429	886	Group5	sample_16	Condition1
sample_16_Cell12_Group5	SCSimulation	58720	901	Group5	sample_16	Condition1
sample_16_Cell13_Group5	SCSimulation	56859	905	Group5	sample_16	Condition1
sample_16_Cell14_Group5	SCSimulation	61729	909	Group5	sample_16	Condition1
sample_16_Cell15_Group5	SCSimulation	52136	893	Group5	sample_16	Condition1
sample_16_Cell16_Group5	SCSimulation	51097	891	Group5	sample_16	Condition1
sample_16_Cell17_Group5	SCSimulation	62866	900	Group5	sample_16	Condition1
sample_16_Cell18_Group5	SCSimulation	58118	904	Group5	sample_16	Condition1
sample_16_Cell19_Group5	SCSimulation	65910	915	Group5	sample_16	Condition1
sample_16_Cell20_Group5	SCSimulation	44400	888	Group5	sample_16	Condition1
sample_16_Cell21_Group5	SCSimulation	67089	914	Group5	sample_16	Condition1
sample_16_Cell22_Group5	SCSimulation	41264	887	Group5	sample_16	Condition1
sample_16_Cell23_Group5	SCSimulation	74395	926	Group5	sample_16	Condition1
sample_16_Cell24_Group5	SCSimulation	58352	904	Group5	sample_16	Condition1
sample_16_Cell25_Group5	SCSimulation	65738	901	Group5	sample_16	Condition1
sample_16_Cell26_Group5	SCSimulation	53948	903	Group5	sample_16	Condition1
sample_16_Cell27_Group5	SCSimulation	69687	907	Group5	sample_16	Condition1
sample_16_Cell28_Group5	SCSimulation	62243	895	Group5	sample_16	Condition1
sample_16_Cell29_Group5	SCSimulation	71348	917	Group5	sample_16	Condition1
sample_17_Cell1_Group5	SCSimulation	58136	906	Group5	sample_17	Condition1
sample_17_Cell2_Group5	SCSimulation	52396	904	Group5	sample_17	Condition1
sample_17_Cell3_Group5	SCSimulation	66628	922	Group5	sample_17	Condition1
sample_17_Cell4_Group5	SCSimulation	64187	907	Group5	sample_17	Condition1
sample_17_Cell5_Group5	SCSimulation	55783	896	Group5	sample_17	Condition1
sample_17_Cell6_Group5	SCSimulation	54877	908	Group5	sample_17	Condition1
sample_17_Cell7_Group5	SCSimulation	55064	900	Group5	sample_17	Condition1
sample_17_Cell8_Group5	SCSimulation	63104	913	Group5	sample_17	Condition1
sample_17_Cell9_Group5	SCSimulation	83212	922	Group5	sample_17	Condition1
sample_17_Cell10_Group5	SCSimulation	44847	888	Group5	sample_17	Condition1
sample_17_Cell11_Group5	SCSimulation	56285	896	Group5	sample_17	Condition1
sample_17_Cell12_Group5	SCSimulation	54824	900	Group5	sample_17	Condition1
sample_17_Cell13_Group5	SCSimulation	76183	905	Group5	sample_17	Condition1
sample_17_Cell14_Group5	SCSimulation	68690	917	Group5	sample_17	Condition1
sample_17_Cell15_Group5	SCSimulation	67467	905	Group5	sample_17	Condition1
sample_17_Cell16_Group5	SCSimulation	88217	921	Group5	sample_17	Condition1
sample_17_Cell17_Group5	SCSimulation	66956	913	Group5	sample_17	Condition1
sample_17_Cell18_Group5	SCSimulation	61609	918	Group5	sample_17	Condition1
sample_17_Cell19_Group5	SCSimulation	51526	900	Group5	sample_17	Condition1
sample_17_Cell20_Group5	SCSimulation	51662	885	Group5	sample_17	Condition1
sample_17_Cell21_Group5	SCSimulation	65530	900	Group5	sample_17	Condition1
sample_17_Cell22_Group5	SCSimulation	61267	900	Group5	sample_17	Condition1
sample_17_Cell23_Group5	SCSimulation	64130	910	Group5	sample_17	Condition1
sample_17_Cell24_Group5	SCSimulation	61668	906	Group5	sample_17	Condition1
sample_17_Cell25_Group5	SCSimulation	57568	900	Group5	sample_17	Condition1
sample_17_Cell26_Group5	SCSimulation	55636	898	Group5	sample_17	Condition1
sample_17_Cell27_Group5	SCSimulation	58596	913	Group5	sample_17	Condition1
sample_17_Cell28_Group5	SCSimulation	69739	905	Group5	sample_17	Condition1
sample_17_Cell29_Group5	SCSimulation	53069	897	Group5	sample_17	Condition1
sample_18_Cell1_Group5	SCSimulation	44706	884	Group5	sample_18	Condition2
sample_18_Cell2_Group5	SCSimulation	58066	892	Group5	sample_18	Condition2
sample_18_Cell3_Group5	SCSimulation	54270	899	Group5	sample_18	Condition2
sample_18_Cell4_Group5	SCSimulation	64163	906	Group5	sample_18	Condition2
sample_18_Cell5_Group5	SCSimulation	54808	909	Group5	sample_18	Condition2
sample_18_Cell6_Group5	SCSimulation	58142	907	Group5	sample_18	Condition2
sample_18_Cell7_Group5	SCSimulation	54610	897	Group5	sample_18	Condition2
sample_18_Cell8_Group5	SCSimulation	67733	914	Group5	sample_18	Condition2
sample_18_Cell9_Group5	SCSimulation	66427	903	Group5	sample_18	Condition2
sample_18_Cell10_Group5	SCSimulation	65851	912	Group5	sample_18	Condition2
sample_18_Cell11_Group5	SCSimulation	41315	876	Group5	sample_18	Condition2
sample_18_Cell12_Group5	SCSimulation	57279	895	Group5	sample_18	Condition2
sample_18_Cell13_Group5	SCSimulation	73663	911	Group5	sample_18	Condition2
sample_18_Cell14_Group5	SCSimulation	64772	901	Group5	sample_18	Condition2
sample_18_Cell15_Group5	SCSimulation	65685	915	Group5	sample_18	Condition2
sample_18_Cell16_Group5	SCSimulation	76845	909	Group5	sample_18	Condition2
sample_18_Cell17_Group5	SCSimulation	57482	908	Group5	sample_18	Condition2
sample_18_Cell18_Group5	SCSimulation	54545	905	Group5	sample_18	Condition2
sample_18_Cell19_Group5	SCSimulation	60175	915	Group5	sample_18	Condition2
sample_18_Cell20_Group5	SCSimulation	75514	922	Group5	sample_18	Condition2
sample_18_Cell21_Group5	SCSimulation	57529	908	Group5	sample_18	Condition2
sample_18_Cell22_Group5	SCSimulation	44930	890	Group5	sample_18	Condition2
sample_18_Cell23_Group5	SCSimulation	59899	902	Group5	sample_18	Condition2
sample_18_Cell24_Group5	SCSimulation	45671	880	Group5	sample_18	Condition2
sample_18_Cell25_Group5	SCSimulation	56934	907	Group5	sample_18	Condition2
sample_18_Cell26_Group5	SCSimulation	57591	910	Group5	sample_18	Condition2
sample_18_Cell27_Group5	SCSimulation	71190	909	Group5	sample_18	Condition2
sample_18_Cell28_Group5	SCSimulation	51870	888	Group5	sample_18	Condition2
sample_18_Cell29_Group5	SCSimulation	64357	903	Group5	sample_18	Condition2
sample_19_Cell1_Group5	SCSimulation	80672	921	Group5	sample_19	Condition2
sample_19_Cell2_Group5	SCSimulation	84314	920	Group5	sample_19	Condition2
sample_19_Cell3_Group5	SCSimulation	57917	902	Group5	sample_19	Condition2
sample_19_Cell4_Group5	SCSimulation	59309	895	Group5	sample_19	Condition2
sample_19_Cell5_Group5	SCSimulation	77951	908	Group5	sample_19	Condition2
sample_19_Cell6_Group5	SCSimulation	57940	901	Group5	sample_19	Condition2
sample_19_Cell7_Group5	SCSimulation	60473	903	Group5	sample_19	Condition2
sample_19_Cell8_Group5	SCSimulation	75333	921	Group5	sample_19	Condition2
sample_19_Cell9_Group5	SCSimulation	61446	904	Group5	sample_19	Condition2
sample_19_Cell10_Group5	SCSimulation	79665	917	Group5	sample_19	Condition2
sample_19_Cell11_Group5	SCSimulation	64581	902	Group5	sample_19	Condition2
sample_19_Cell12_Group5	SCSimulation	45240	883	Group5	sample_19	Condition2
sample_19_Cell13_Group5	SCSimulation	46529	885	Group5	sample_19	Condition2
sample_19_Cell14_Group5	SCSimulation	55035	902	Group5	sample_19	Condition2
sample_19_Cell15_Group5	SCSimulation	52896	892	Group5	sample_19	Condition2
sample_19_Cell16_Group5	SCSimulation	73038	908	Group5	sample_19	Condition2
sample_19_Cell17_Group5	SCSimulation	62436	896	Group5	sample_19	Condition2
sample_19_Cell18_Group5	SCSimulation	42574	888	Group5	sample_19	Condition2
sample_19_Cell19_Group5	SCSimulation	78543	911	Group5	sample_19	Condition2
sample_19_Cell20_Group5	SCSimulation	82553	921	Group5	sample_19	Condition2
sample_19_Cell21_Group5	SCSimulation	57303	898	Group5	sample_19	Condition2
sample_19_Cell22_Group5	SCSimulation	51737	891	Group5	sample_19	Condition2
sample_19_Cell23_Group5	SCSimulation	58305	903	Group5	sample_19	Condition2
sample_19_Cell24_Group5	SCSimulation	50614	897	Group5	sample_19	Condition2
sample_19_Cell25_Group5	SCSimulation	41273	891	Group5	sample_19	Condition2
sample_19_Cell26_Group5	SCSimulation	45793	887	Group5	sample_19	Condition2
sample_19_Cell27_Group5	SCSimulation	62025	902	Group5	sample_19	Condition2
sample_19_Cell28_Group5	SCSimulation	79199	927	Group5	sample_19	Condition2
sample_19_Cell29_Group5	SCSimulation	44249	884	Group5	sample_19	Condition2
sample_20_Cell1_Group5	SCSimulation	43134	892	Group5	sample_20	Condition2
sample_20_Cell2_Group5	SCSimulation	55894	915	Group5	sample_20	Condition2
sample_20_Cell3_Group5	SCSimulation	53381	903	Group5	sample_20	Condition2
sample_20_Cell4_Group5	SCSimulation	32931	863	Group5	sample_20	Condition2
sample_20_Cell5_Group5	SCSimulation	92938	926	Group5	sample_20	Condition2
sample_20_Cell6_Group5	SCSimulation	44385	900	Group5	sample_20	Condition2
sample_20_Cell7_Group5	SCSimulation	52710	898	Group5	sample_20	Condition2
sample_20_Cell8_Group5	SCSimulation	78797	928	Group5	sample_20	Condition2
sample_20_Cell9_Group5	SCSimulation	70720	917	Group5	sample_20	Condition2
sample_20_Cell10_Group5	SCSimulation	50164	905	Group5	sample_20	Condition2
sample_20_Cell11_Group5	SCSimulation	68582	924	Group5	sample_20	Condition2
sample_20_Cell12_Group5	SCSimulation	63674	912	Group5	sample_20	Condition2
sample_20_Cell13_Group5	SCSimulation	46166	893	Group5	sample_20	Condition2
sample_20_Cell14_Group5	SCSimulation	60812	902	Group5	sample_20	Condition2
sample_20_Cell15_Group5	SCSimulation	73316	920	Group5	sample_20	Condition2
sample_20_Cell16_Group5	SCSimulation	65667	919	Group5	sample_20	Condition2
sample_20_Cell17_Group5	SCSimulation	57957	897	Group5	sample_20	Condition2
sample_20_Cell18_Group5	SCSimulation	38161	883	Group5	sample_20	Condition2
sample_20_Cell19_Group5	SCSimulation	65403	903	Group5	sample_20	Condition2
sample_20_Cell20_Group5	SCSimulation	75565	925	Group5	sample_20	Condition2
sample_20_Cell21_Group5	SCSimulation	59248	897	Group5	sample_20	Condition2
sample_20_Cell22_Group5	SCSimulation	56186	904	Group5	sample_20	Condition2
sample_20_Cell23_Group5	SCSimulation	54672	905	Group5	sample_20	Condition2
sample_20_Cell24_Group5	SCSimulation	46239	900	Group5	sample_20	Condition2
sample_20_Cell25_Group5	SCSimulation	66426	912	Group5	sample_20	Condition2
sample_20_Cell26_Group5	SCSimulation	81571	921	Group5	sample_20	Condition2
sample_20_Cell27_Group5	SCSimulation	56617	893	Group5	sample_20	Condition2
sample_20_Cell28_Group5	SCSimulation	66170	908	Group5	sample_20	Condition2
sample_20_Cell29_Group5	SCSimulation	53505	908	Group5	sample_20	Condition2
